{
  "tag_acc": 0.9768712439,
  "ents_p": 0.8992657135,
  "ents_r": 0.8948182521,
  "ents_f": 0.8970364703,
  "sents_p": 1.0,
  "sents_r": 1.0,
  "sents_f": 1.0,
  "speed": 8227.7674202482,
  "ents_per_type": {
    "LOC": {
      "p": 0.8944785276,
      "r": 0.9037190083,
      "f": 0.8990750257
    },
    "PER": {
      "p": 0.9444720233,
      "r": 0.9495223157,
      "f": 0.9469904362
    },
    "MISC": {
      "p": 0.8438607799,
      "r": 0.795775718,
      "f": 0.8191131618
    },
    "ORG": {
      "p": 0.8565553943,
      "r": 0.818349896,
      "f": 0.8370169011
    }
  },
  "token_acc": 0.9999712591,
  "pos_acc": 0.9863029455,
  "morph_acc": 0.9812695309,
  "lemma_acc": 0.9857014164,
  "dep_uas": 0.9118406572,
  "dep_las": 0.8825958573,
  "morph_per_feat": {
    "Definite": {
      "p": 0.9979746835,
      "r": 0.9984802432,
      "f": 0.9982273993
    },
    "Gender": {
      "p": 0.9952336086,
      "r": 0.9888215859,
      "f": 0.9920172361
    },
    "Number": {
      "p": 0.9980624067,
      "r": 0.9928123996,
      "f": 0.9954304809
    },
    "PronType": {
      "p": 0.996785255,
      "r": 0.9912617221,
      "f": 0.9940158153
    },
    "PunctType": {
      "p": 0.9995216074,
      "r": 0.9992029332,
      "f": 0.9993622449
    },
    "AdpType": {
      "p": 0.9995324372,
      "r": 0.9967362163,
      "f": 0.9981323684
    },
    "VerbForm": {
      "p": 0.9913914541,
      "r": 0.9898421628,
      "f": 0.9906162027
    },
    "Mood": {
      "p": 0.9800049988,
      "r": 0.9748881154,
      "f": 0.9774398604
    },
    "Person": {
      "p": 0.9912526242,
      "r": 0.9860772711,
      "f": 0.9886581748
    },
    "Tense": {
      "p": 0.9837825491,
      "r": 0.9817643036,
      "f": 0.9827723902
    },
    "NumForm": {
      "p": 0.9869067103,
      "r": 0.9773095624,
      "f": 0.9820846906
    },
    "NumType": {
      "p": 0.9820512821,
      "r": 0.9663582843,
      "f": 0.9741415854
    },
    "Poss": {
      "p": 1.0,
      "r": 0.9981718464,
      "f": 0.9990850869
    },
    "PunctSide": {
      "p": 1.0,
      "r": 0.998,
      "f": 0.998998999
    },
    "Case": {
      "p": 0.9957734573,
      "r": 0.9882550336,
      "f": 0.992
    },
    "PrepCase": {
      "p": 0.9958289885,
      "r": 0.9865702479,
      "f": 0.9911779969
    },
    "Reflex": {
      "p": 0.9983766234,
      "r": 0.9871589085,
      "f": 0.9927360775
    },
    "Degree": {
      "p": 0.9926470588,
      "r": 0.9608540925,
      "f": 0.9764918626
    },
    "Polarity": {
      "p": 1.0,
      "r": 0.9935064935,
      "f": 0.996742671
    },
    "AdvType": {
      "p": 0.9615384615,
      "r": 0.9308510638,
      "f": 0.9459459459
    },
    "Number[psor]": {
      "p": 1.0,
      "r": 0.9714285714,
      "f": 0.9855072464
    }
  },
  "dep_las_per_type": {
    "det": {
      "p": 0.9784152229,
      "r": 0.9814814815,
      "f": 0.9799459536
    },
    "nsubj": {
      "p": 0.8908956874,
      "r": 0.8840526701,
      "f": 0.8874609877
    },
    "case": {
      "p": 0.9646210369,
      "r": 0.9644897959,
      "f": 0.9645554119
    },
    "amod": {
      "p": 0.9189750693,
      "r": 0.9240947075,
      "f": 0.9215277778
    },
    "nmod": {
      "p": 0.8351092168,
      "r": 0.8300238284,
      "f": 0.8325587571
    },
    "mark": {
      "p": 0.902168165,
      "r": 0.9261672096,
      "f": 0.9140101795
    },
    "acl": {
      "p": 0.7370441459,
      "r": 0.7314285714,
      "f": 0.7342256214
    },
    "advcl": {
      "p": 0.6086448598,
      "r": 0.6424167694,
      "f": 0.625074985
    },
    "nummod": {
      "p": 0.8994614004,
      "r": 0.8835978836,
      "f": 0.8914590747
    },
    "obj": {
      "p": 0.8372747748,
      "r": 0.8640325392,
      "f": 0.8504432371
    },
    "obl": {
      "p": 0.7304570696,
      "r": 0.737704918,
      "f": 0.7340631037
    },
    "advmod": {
      "p": 0.8455103179,
      "r": 0.8440979955,
      "f": 0.8448035665
    },
    "fixed": {
      "p": 0.8711409396,
      "r": 0.8256997455,
      "f": 0.8478118877
    },
    "cc": {
      "p": 0.928769018,
      "r": 0.9204934887,
      "f": 0.9246127367
    },
    "conj": {
      "p": 0.7117875648,
      "r": 0.7013401404,
      "f": 0.706525233
    },
    "root": {
      "p": 0.9210998207,
      "r": 0.9316807739,
      "f": 0.9263600842
    },
    "flat": {
      "p": 0.9199406968,
      "r": 0.9316816817,
      "f": 0.9257739649
    },
    "xcomp": {
      "p": 0.8258575198,
      "r": 0.769041769,
      "f": 0.796437659
    },
    "compound": {
      "p": 0.8557692308,
      "r": 0.712,
      "f": 0.7772925764
    },
    "cop": {
      "p": 0.888185654,
      "r": 0.9034334764,
      "f": 0.8957446809
    },
    "ccomp": {
      "p": 0.8417132216,
      "r": 0.8464419476,
      "f": 0.8440709617
    },
    "iobj": {
      "p": 0.8558558559,
      "r": 0.5277777778,
      "f": 0.6529209622
    },
    "aux": {
      "p": 0.9570200573,
      "r": 0.9502133713,
      "f": 0.9536045682
    },
    "appos": {
      "p": 0.6737120211,
      "r": 0.7112970711,
      "f": 0.6919945726
    },
    "csubj": {
      "p": 0.7951807229,
      "r": 0.6947368421,
      "f": 0.7415730337
    },
    "expl:pass": {
      "p": 0.65,
      "r": 0.2888888889,
      "f": 0.4
    },
    "parataxis": {
      "p": 0.5849056604,
      "r": 0.3647058824,
      "f": 0.4492753623
    },
    "orphan": {
      "p": 0.0,
      "r": 0.0,
      "f": 0.0
    },
    "dep": {
      "p": 0.0,
      "r": 0.0,
      "f": 0.0
    },
    "nsubj:pass": {
      "p": 0.0,
      "r": 0.0,
      "f": 0.0
    },
    "aux:pass": {
      "p": 0.0,
      "r": 0.0,
      "f": 0.0
    }
  }
}